{"filesMd5":[{"page":"/mediator/index.js","md5":"3fd550f9b7edb6e5cd924f46f9d35841"},{"page":"/pages/demo/image/index.js","md5":"ab7bb8763649437517d2623a9a4cc0a3"},{"page":"/pages/demo/lifecycle/index.js","md5":"eb73226865a395148fe4b479e82efe40"},{"page":"/pages/demo/notice/index.js","md5":"15d340929b17bcac3bc962a6b1d8c35c"},{"page":"/pages/demo/other/bindingx.js","md5":"07df62d51b906c78228d7af1511ea875"},{"page":"/pages/demo/globalAttr/index.js","md5":"72818967a375d04747a7389eea5b6a1f"},{"page":"/pages/demo/refresh/index.js","md5":"7beea42361ec775630aac9f99b1c37a2"},{"page":"/pages/demo/assets/index.js","md5":"ae37b3b8b7fd1d7be2a47caa043d1aac"},{"page":"/pages/demo/bmcalendar/index.js","md5":"94f2c26a68cd89272382b9d49f909a4f"},{"page":"/pages/demo/bmchart/index.js","md5":"5f4379df331c954dee63df7c0e9a2eb1"},{"page":"/pages/demo/bmrichtext/index.js","md5":"9e854997c991270b5e67536230eba451"},{"page":"/pages/demo/event/a.js","md5":"ac325509ddbd6d5b8f11ecfb1d65f452"},{"page":"/pages/demo/event/b.js","md5":"70ed9417c9957fb4e330a89544cf231d"},{"page":"/pages/demo/font/index.js","md5":"4d8903c8180d1382dc3c9743e98e89cf"},{"page":"/pages/demo/inputExtend/index.js","md5":"0db7edc58e66e7a254a0c7b850dbddca"},{"page":"/pages/demo/other/bui.js","md5":"d65f216703b1794f69c85655f5f4446a"},{"page":"/pages/demo/router/index.js","md5":"fe7228c8e1d4bcfa62b1c7130fecb3fa"},{"page":"/pages/demo/router/tabbarItem1.js","md5":"bd4bdd9b1e4dbb8e1c8fb12999a478bc"},{"page":"/pages/demo/router/tabbarItem2.js","md5":"546a3f392c202d021adc24305d57dc94"},{"page":"/pages/demo/router/tabbarItem3.js","md5":"fb66dd047275e572a8a7a803d51138c0"},{"page":"/pages/demo/storage/index.js","md5":"fbee5d61f2c89f28395c40d114cdf9c3"},{"page":"/pages/demo/index.js","md5":"e8ed3677567941b872e5d8346e728c2b"},{"page":"/config/index.js","md5":"f08e67a50c7aad9e49038c398f872862"},{"page":"/pages/demo/other/weexui.js","md5":"62d065ec22c426d92284531a1697e741"},{"page":"/iconfont/font_1469606063_76593.ttf","md5":"7f64b407dbb118b2bf74aae8488f115e"},{"page":"/iconfont/font_1469606522_9417143.woff","md5":"8d34182774fbf5de6d7192ca76027faa"},{"page":"/iconfont/font_zn5b3jswpofuhaor.ttf","md5":"dc3b4b0978d180d7f122e74d2f3f2f51"},{"page":"/iconfont/iconfont-eros.ttf","md5":"68780fad0047dc5b02cb613ebb08cda1"},{"page":"/iconfont/iconfont.ttf","md5":"ec86bfe5bdb872bad2b2af4f11da14f4"},{"page":"/assets/TabBar_Item1@2x.png","md5":"9f1edde3e3c493125aa1526aaf72e73d"},{"page":"/assets/TabBar_Item1_Selected@2x.png","md5":"d5e7609700d9a4f075e39b20fecbb9c3"},{"page":"/assets/TabBar_Item2@2x.png","md5":"6774d4074d376d716a5c9f447c6a3efd"},{"page":"/assets/TabBar_Item2_Selected@2x.png","md5":"e1ae4f456c18ccee39b3dd1fe7801994"},{"page":"/assets/TabBar_Item3@2x.png","md5":"c74d71c755710384145dc30922c21a3b"},{"page":"/assets/TabBar_Item3_Selected@2x.png","md5":"457d615a5c198b0148609f5eed84be70"},{"page":"/assets/demo.jpg","md5":"ad0a76ef138304056020d234c3217aeb"},{"page":"/assets/test.html","md5":"f97b2e7d63e6ec41fed696ffdec1b7d5"},{"page":"/assets/chart/bm-chart.html","md5":"3949d7966caf98f2b75d916107049393"},{"page":"/assets/chart/bmap.min.js","md5":"a0e601995c75bf3e826ff31c49874941"},{"page":"/assets/chart/echarts.min.js","md5":"772e6fd69e21fb6f6497a1939d948828"}],"android":"1.0.0","iOS":"1.0.0","appName":"eros-demo","jsVersion":"bf6e1cb71a68eae03acfcc74cb7286b8","timestamp":1544164030011,"jsPath":"https://github.com/LukeGod/macCeshi/raw/master/"}
